CanadaPrice,SCORE,SaleEnds,LowestPrice,SaleStarted,description,Image,URL,platform,MainStory,Trailer,PeruPrice,PercentOff,Completionist,genre,ArgentinaPrice,AustraliaPrice,MexPrice,ColombiaPrice,SouthafricaPrice,BrazilPrice,OpenCriticURL,RussiaPrice,Title,ESRBRating,Publisher,ReleaseDate,Slug,NumberofPlayers,PolandPrice,ChilePrice,Price,MexicoPrice,MainExtra,SalePrice,Popularity
11.98,84,31/12/2024,,17/12/2024,The celebrated Mega Man X series returns! Play as Mega Man X – the powerful successor of classic fighting robot Mega Man – as he battles a variety of deadly bosses known as Mavericks in four hit titles. Mega Man X Legacy Collection includes the legendary…,https://images.weserv.nl/?url=https://www.nintendo.com/eu/media/images/11_square_images/games_18/nintendo_switch_download_software/SQ_NSwitchDS_MegaManXLegacyCollection_image500w.jpg&w=240,https://www.nintendo.com/games/detail/mega-man-x-legacy-collection-switch/,Switch,,,31.97,60%,,Action,2351.03,11.98,https://www.nintendo.com/eu/media/images/11_square_images/games_18/nintendo_switch_download_software/SQ_NSwitchDS_MegaManXLegacyCollection_image500w.jpg,30730,127.6,32.97,https://www.metacritic.com/game/mega-man-x-legacy-collection/critic-reviews/?platform=nintendo-switch,,Mega Man X Legacy Collection,,CAPCOM,12/11/2021,mega-man-x-legacy-collection-switch,https://shope.ee/5ALD8alAHo,33.6,6146,19.99,199.45,,7.99,818
6.32,83,31/12/2024,/game/29678,17/12/2024,"Mega Man Legacy Collection is a celebration of the 8-bit history of Capcom’s iconic Blue Bomber. Featuring faithful reproductions of the series’ origins with the original six Mega Man games, the Legacy Collection will remind long-time fans and introduce …",https://images.weserv.nl/?url=https://www.nintendo.com/eu/media/images/11_square_images/games_18/nintendo_switch_5/SQ_NSwitch_MegaManLegacyCollection_image500w.jpg&w=240,https://www.nintendo.com/games/detail/mega-man-legacy-collection-switch/,Switch,16,,19.98,67%,40,"Action,Platformer",1469.3,7.57,https://www.nintendo.com/eu/media/images/11_square_images/games_18/nintendo_switch_5/SQ_NSwitch_MegaManLegacyCollection_image500w.jpg,19204,78.85,20.65,https://www.metacritic.com/game/mega-man-legacy-collection/critic-reviews/?platform=nintendo-switch,,Mega Man Legacy Collection,,CAPCOM,12/11/2021,mega-man-legacy-collection-switch,https://shope.ee/5ALD8alAHo,20.79,3840,14.99,132.9,20,4.99,151
13.32,83,31/12/2024,/game/74725,17/12/2024,"Mega Man Zero/ZX Legacy Collection brings together six classic titles in one game: Mega Man Zero 1, 2, 3, and 4, as well as Mega Man ZX and ZX Advent. In addition to the original games, Casual Scenario Mode and a Save-Assist feature are available for tho…",https://images.weserv.nl/?url=https://www.nintendo.com/eu/media/images/11_square_images/games_18/nintendo_switch_download_software/SQ_NSwitchDS_MegaManZeroZXLegacyCollection_image500w.jpg&w=240,https://www.nintendo.com/games/detail/mega-man-zero-zx-legacy-collection-switch/,Switch,27,,39.97,67%,96,"Action,Role-playing",2939.27,14.83,https://www.nintendo.com/eu/media/images/11_square_images/games_18/nintendo_switch_download_software/SQ_NSwitchDS_MegaManZeroZXLegacyCollection_image500w.jpg,38421,156.75,42.96,https://www.metacritic.com/game/mega-man-zero-zx-legacy-collection/critic-reviews/?platform=nintendo-switch,,Mega Man Zero/ZX Legacy Collection,,CAPCOM,12/11/2021,mega-man-zero-zx-legacy-collection-switch,https://shope.ee/5ALD8alAHo,41.25,7684,29.99,199.52,51,9.99,334
16.17,83,8/01/2025,/game/115289,18/12/2024,,https://images.weserv.nl/?url=https://www.nintendo.com/eu/media/images/11_square_images/games_18/nintendo_switch_download_software/1x1_NSwitchDS_FrogDetectiveTheEntireMystery_GBen_image500w.jpg&w=240,https://www.nintendo.com/games/detail/frog-detective-the-entire-mystery-switch/,Switch,4,,44.94,40%,5,Adventure,4194,17.97,https://www.nintendo.com/eu/media/images/11_square_images/games_18/nintendo_switch_download_software/1x1_NSwitchDS_FrogDetectiveTheEntireMystery_GBen_image500w.jpg,50400,210,59.97,https://www.metacritic.com/game/frog-detective-the-entire-mystery/critic-reviews/?platform=nintendo-switch,,Frog Detective: The Entire Mystery,,Worm Club,0000-00-00,frog-detective-the-entire-mystery-switch,https://shope.ee/5ALD8alAHo,53.97,11100,19.95,209.4,4,11.97,36
5.03,82,8/01/2025,/game/56962,18/12/2024,"Yoku has arrived on Mokumana and he’s ready for the easy life, soaking up the sun and delivering parcels on a tropical paradise! However, an ancient Island deity is trapped in a restless sleep - and it’s all down to Yoku to traverse the island using a un…",https://images.weserv.nl/?url=https://www.nintendo.com/eu/media/images/11_square_images/games_18/nintendo_switch_download_software/SQ_NSwitchDS_YokusIslandExpress_image500w.jpg&w=240,https://www.nintendo.com/games/detail/yokus-island-express-switch/,Switch,6,,15.99,80%,11,"Platformer,Adventure,Puzzle,Arcade",,5.4,https://www.nintendo.com/eu/media/images/11_square_images/games_18/nintendo_switch_download_software/SQ_NSwitchDS_YokusIslandExpress_image500w.jpg,,71.8,20.98,https://www.metacritic.com/game/yokus-island-express/critic-reviews/?platform=nintendo-switch,,Yoku's Island Express,,Team17,12/11/2021,yokus-island-express-switch,https://shope.ee/5ALD8alAHo,16,2980,19.99,49.99,8,3.99,326
19.49,81,1/01/2025,/game/105495,17/12/2024,,https://images.weserv.nl/?url=https://www.nintendo.com/eu/media/images/11_square_images/games_18/nintendo_switch_download_software/1x1_NSwitchDS_SnufkinMelodyfOfMoominvalley_GBen_image500w.jpg&w=240,https://www.nintendo.com/games/detail/snufkin-melody-of-moominvalley-switch/,Switch,4,,50.62,25%,5,"Adventure,Strategy",12742.5,22.5,https://www.nintendo.com/eu/media/images/11_square_images/games_18/nintendo_switch_download_software/1x1_NSwitchDS_SnufkinMelodyfOfMoominvalley_GBen_image500w.jpg,45675,270,56.21,https://www.metacritic.com/game/snufkin-melody-of-moominvalley/critic-reviews/?platform=nintendo-switch,,Snufkin: Melody of Moominvalley,,Raw Fury,0000-00-00,snufkin-melody-of-moominvalley-switch,https://shope.ee/5ALD8alAHo,60,10124,19.99,261.75,4,14.99,46
3.77,81,8/01/2025,/game/68031,18/12/2024,"They must run, jump and roll their way through a series of challenging 2D levels, face a puzzling Overworld and rally the Royal Bee-tallion to take down Capital B and his Impossible Lair!  Each level offers beautiful, rich visuals with detail and depth. …",https://images.weserv.nl/?url=https://www.nintendo.com/eu/media/images/11_square_images/games_18/nintendo_switch_5/SQ_NSwitch_YookaLayleeAndTheImpossibleLair_image500w.jpg&w=240,https://www.nintendo.com/games/detail/yooka-laylee-and-the-impossible-lair-switch/,Switch,13,,11.69,90%,22,"Platformer,Action,Adventure",,4.5,https://www.nintendo.com/eu/media/images/11_square_images/games_18/nintendo_switch_5/SQ_NSwitch_YookaLayleeAndTheImpossibleLair_image500w.jpg,,53.9,15.99,https://www.metacritic.com/game/yooka-laylee-and-the-impossible-lair/critic-reviews/?platform=nintendo-switch,,Yooka-Laylee and the Impossible Lair,,Team17,0000-00-00,yooka-laylee-and-the-impossible-lair-switch,https://shope.ee/5ALD8alAHo,12,2390,29.99,58.18,16,2.99,341
5.69,81,8/01/2025,/game/76552,18/12/2024,"As an unpaid intern in the dystopian city of Neo-Cascadia, you’ll wield office junk as weaponry as you make your way through the offbeat procedural dungeons beneath your company campus. [The Future is Wack] Failed businesses no longer just cease to exist…",https://images.weserv.nl/?url=https://www.nintendo.com/eu/media/images/11_square_images/games_18/nintendo_switch_download_software/SQ_NSwitchDS_GoingUnder_image500w.jpg&w=240,https://www.nintendo.com/games/detail/going-under-switch/,Switch,9,,19.68,75%,25,"Action,Fighting,Other",,7.23,https://www.nintendo.com/eu/media/images/11_square_images/games_18/nintendo_switch_download_software/SQ_NSwitchDS_GoingUnder_image500w.jpg,,89.75,26.22,https://www.metacritic.com/game/going-under/critic-reviews/?platform=nintendo-switch,,Going Under,,Team17,12/11/2021,going-under-switch,https://shope.ee/5ALD8alAHo,17.99,3725,19.99,62.49,14,4.99,277
3.14,81,8/01/2025,/game/69248,18/12/2024,"Build a loyal band of followers and survive the journey across a broken world. Barely. Take on the role of a powerful leader and mystic. Empowered with the gifts of technopathy, the ability to sense and affect electrical currents.  You are the last hope …",https://images.weserv.nl/?url=https://www.nintendo.com/eu/media/images/11_square_images/games_18/nintendo_switch_download_software/SQ_NSwitchDS_NowhereProphet_image500w.jpg&w=240,https://www.nintendo.com/games/detail/nowhere-prophet-switch/,Switch,6,,,90%,0,"Strategy,Board game,Adventure,Arcade",,3.25,https://www.nintendo.com/eu/media/images/11_square_images/games_18/nintendo_switch_download_software/SQ_NSwitchDS_NowhereProphet_image500w.jpg,,35.3,,https://www.metacritic.com/game/nowhere-prophet/critic-reviews/?platform=nintendo-switch,,Nowhere Prophet,,No More Robots,12/11/2021,nowhere-prophet-switch,https://shope.ee/5ALD8alAHo,8.68,,24.99,48.48,17,2.49,249
13.32,80,31/12/2024,/game/51164,17/12/2024,"This entry in this iconic series blends classic, challenging 2D platforming action with a fresh look. The stunning visual style refreshes the series' iconic colorfulness, combining hand-drawn environments with detailed, 3D character models. To save the d…",https://images.weserv.nl/?url=https://www.nintendo.com/eu/media/images/11_square_images/games_18/nintendo_switch_download_software/SQ_NSwitchDS_MegaMan11_image500w.jpg&w=240,https://www.nintendo.com/games/detail/mega-man-11-switch/,Switch,5,,39.97,67%,16,Action,2939.27,13.18,https://www.nintendo.com/eu/media/images/11_square_images/games_18/nintendo_switch_download_software/SQ_NSwitchDS_MegaMan11_image500w.jpg,38421,154.75,42.93,https://www.metacritic.com/game/mega-man-11/critic-reviews/?platform=nintendo-switch,,Mega Man 11,,CAPCOM,12/11/2021,mega-man-11-switch,https://shope.ee/5ALD8alAHo,40.92,7684,29.99,232.83,6,9.99,230
6.24,80,8/01/2025,/game/72106,18/12/2024,"Crown Trick is a beautifully animated rogue-like RPG adventure characterized by turn-based combat and skill-item interactive strategy. Enter a labyrinth that moves as you move, where mastering the elements is key to defeating enemies and uncovering the m…",https://images.weserv.nl/?url=https://www.nintendo.com/eu/media/images/11_square_images/games_18/nintendo_switch_download_software/SQ_NSwitchDS_CrownTrick_image500w.jpg&w=240,https://www.nintendo.com/games/detail/crown-trick-switch/,Switch,17,,9.25,75%,42,"Adventure,Role-playing,Strategy",,7.48,https://www.nintendo.com/eu/media/images/11_square_images/games_18/nintendo_switch_download_software/SQ_NSwitchDS_CrownTrick_image500w.jpg,,89.75,26.22,https://www.metacritic.com/game/crown-trick/critic-reviews/?platform=nintendo-switch,,Crown Trick,,Team17,12/11/2021,crown-trick-switch,https://shope.ee/5ALD8alAHo,19.99,3725,19.99,97.25,27,4.99,124
11.39,80,8/01/2025,/game/96587,18/12/2024,"Calling all officers! I've got a Fashion Crime in Progress and I'm mobilizing all Fashion Police Squad members. Grab your Belt of Justice and your Tailormade Sewing Machine, we've got some Fashion Justice to dispense! Fashion Police Squad is a humorous R…",https://images.weserv.nl/?url=https://www.nintendo.com/eu/media/images/11_square_images/games_18/nintendo_switch_download_software/1x1_NSwitchDS_FashionPoliceSquad_image500w.jpg&w=240,https://www.nintendo.com/games/detail/fashion-police-squad-switch/,Switch,5,,18.5,50%,10,"First-person,Action,Platformer",,14.47,https://www.nintendo.com/eu/media/images/11_square_images/games_18/nintendo_switch_download_software/1x1_NSwitchDS_FashionPoliceSquad_image500w.jpg,15500,151,18.99,https://www.metacritic.com/game/fashion-police-squad/critic-reviews/?platform=nintendo-switch,,Fashion Police Squad,,No More Robots,12/01/2023,fashion-police-squad-switch,https://shope.ee/5ALD8alAHo,35.99,3850,19.99,92.99,6,9.99,21
4.49,79,7/01/2025,/game/39413,17/12/2024,"Death Road is built for replay value. Everything is randomized: locations, events, survivor appearances and personalities. There's a different story every time you play, set in a world that doesn't take itself too seriously. Features: • Up to 500 zombies…",https://images.weserv.nl/?url=https://www.nintendo.com/eu/media/images/11_square_images/games_18/nintendo_switch_download_software/SQ_NSwitchDS_DeathRoadToCanada_image500w.jpg&w=240,https://www.nintendo.com/games/detail/death-road-to-canada-switch/,Switch,6,,,70%,168,"Action,Adventure",,5.98,https://www.nintendo.com/eu/media/images/11_square_images/games_18/nintendo_switch_download_software/SQ_NSwitchDS_DeathRoadToCanada_image500w.jpg,,58.5,25.19,https://www.metacritic.com/game/death-road-to-canada/critic-reviews/?platform=nintendo-switch,,Death Road to Canada,,Ukiyo Publishing,12/11/2021,death-road-to-canada-switch,https://shope.ee/5ALD8alAHo,17.99,,14.99,59.7,22,4.49,69
24.74,79,1/01/2025,/game/132180,17/12/2024,,"https://assets.nintendo.com/image/upload/c_pad,f_auto,q_auto,w_300/ncom/software/switch/70010000075695/7eddeec06d430375e1c27955ab1c888861c5518fad857ead02f4da01866b0a2c",https://www.nintendo.com/games/detail/shadow-of-the-ninja-reborn-switch/,Switch,3,,,10%,12,"Arcade,Adventure,Action,Fighting",,,https://image.api.playstation.com/vulcan/ap/rnd/202406/1908/4345952de84d65571c699decc7700d29f8464a0b3d5ec185.png,,,96.74,https://www.metacritic.com/game/shadow-of-the-ninja-reborn/critic-reviews/?platform=nintendo-switch,,Shadow of the Ninja - Reborn,,ININ Games,3/07/2024,shadow-of-the-ninja-reborn-switch,https://shope.ee/5ALD8alAHo,,,19.99,332.1,8,17.99,
3.78,79,1/01/2025,/game/74207,18/12/2024,"Play with 4-15 players online or via local WiFi as you attempt to prepare your spaceship for departure, but beware as one or more random players among the Crew are Impostors bent on killing everyone!",https://images.weserv.nl/?url=https://www.nintendo.com/eu/media/images/11_square_images/games_18/nintendo_switch_download_software/SQ_NSwitchDS_AmongUs_image500w.jpg&w=240,https://www.nintendo.com/games/detail/among-us-switch/,Switch,8,,10.8,40%,24,"Multiplayer,Party,Other",,3.87,https://www.nintendo.com/eu/media/images/11_square_images/games_18/nintendo_switch_download_software/SQ_NSwitchDS_AmongUs_image500w.jpg,10800,46.2,11.1,https://www.metacritic.com/game/among-us/critic-reviews/?platform=nintendo-switch,,Among Us,,Innersloth,0000-00-00,among-us-switch,https://shope.ee/5ALD8alAHo,10.32,2298,5,58.2,16,3,331
2.69,78,8/01/2025,/game/88752,18/12/2024,"Rogue Heroes is a 4-player classic adventure game with modern rogue-lite elements. A dark evil stirs beneath the once peaceful land of Tasos… Deep within the four Great Dungeons, the ancient seals that hold the Titans at bay are gravely weakened and thei…",https://images.weserv.nl/?url=https://www.nintendo.com/eu/media/images/11_square_images/games_18/nintendo_switch_download_software/SQ_NSwitchDS_RogueHeroesRuinsOfTasos_image500w.jpg&w=240,https://www.nintendo.com/games/detail/rogue-heroes-ruins-of-tasos-switch/,Switch,13,,7.95,90%,35,"Action,Adventure,Role-playing,Multiplayer",,2.89,https://www.nintendo.com/eu/media/images/11_square_images/games_18/nintendo_switch_download_software/SQ_NSwitchDS_RogueHeroesRuinsOfTasos_image500w.jpg,,35.9,10.49,https://www.metacritic.com/game/rogue-heroes-ruins-of-tasos/critic-reviews/?platform=nintendo-switch,,Rogue Heroes: Ruins of Tasos,,Team17,12/11/2021,rogue-heroes-ruins-of-tasos-switch,https://shope.ee/5ALD8alAHo,7.19,1600,19.99,35,19,1.99,217
2.69,78,8/01/2025,,18/12/2024,"Not Tonight is a post-Brexit management game, fusing a time-pressure RPG with a politically charged story where every decision matters. Will you join the resistance and fight the regime -- or keep your head down and hope that one day this will all be a d…",https://images.weserv.nl/?url=https://www.nintendo.com/eu/media/images/11_square_images/games_18/nintendo_switch_download_software/SQ_NSwitchDS_NotTonightTakeBackControlEdition_image500w.jpg&w=240,https://www.nintendo.com/games/detail/not-tonight-take-back-control-edition-switch/,Switch,,,,91%,,"Role-playing,Simulation,Adventure,Strategy",,3.14,https://www.nintendo.com/eu/media/images/11_square_images/games_18/nintendo_switch_download_software/SQ_NSwitchDS_NotTonightTakeBackControlEdition_image500w.jpg,,31.4,,https://www.metacritic.com/game/not-tonight-take-back-control-edition/critic-reviews/?platform=nintendo-switch,,Not Tonight: Take Back Control Edition,,No More Robots,0000-00-00,not-tonight-take-back-control-edition-switch,https://shope.ee/5ALD8alAHo,8.01,,24.99,,,2.24,59
16.25,78,1/01/2025,/game/94425,18/12/2024,,https://images.weserv.nl/?url=https://www.nintendo.com/eu/media/images/11_square_images/games_18/nintendo_switch_download_software/1x1_NSwitchDS_TerraNil_image500w.jpg&w=240,https://www.nintendo.com/games/detail/terra-nil-switch/,Switch,5,,26.5,50%,10,"Simulation,Strategy,Puzzle,Other",875,37.5,https://www.nintendo.com/eu/media/images/11_square_images/games_18/nintendo_switch_download_software/1x1_NSwitchDS_TerraNil_image500w.jpg,29400,450,36.99,https://www.metacritic.com/game/terra-nil/critic-reviews/?platform=nintendo-switch,,Terra Nil,,Devolver Digital,0000-00-00,terra-nil-switch,https://shope.ee/5ALD8alAHo,100,6500,24.99,141.49,8,12.49,27
6.24,77,31/12/2024,/game/48058,17/12/2024,"The Blue Bomber is back in this second collection of classic Capcom titles! Featuring faithful reproductions of Mega Man 7, 8, 9, & 10, this collection spans the iconic series' evolution and retro revolution. Take on the nefarious Dr. Wily and his divers…",https://images.weserv.nl/?url=https://www.nintendo.com/eu/media/images/11_square_images/games_18/nintendo_switch_download_software/SQ_NSwitchDS_MegaManLegacyCollection2_image500w.jpg&w=240,https://www.nintendo.com/games/detail/mega-man-legacy-collection-2-switch/,Switch,16,,20,75%,29,"Action,Platformer",1470.5,5.73,https://www.nintendo.com/eu/media/images/11_square_images/games_18/nintendo_switch_download_software/SQ_NSwitchDS_MegaManLegacyCollection2_image500w.jpg,19221,59.75,20.75,https://www.metacritic.com/game/mega-man-legacy-collection-2/critic-reviews/?platform=nintendo-switch,,Mega Man Legacy Collection 2,,CAPCOM,12/11/2021,mega-man-legacy-collection-2-switch,https://shope.ee/5ALD8alAHo,15.75,3844,19.99,124.75,20,4.99,86
39.99,77,31/12/2024,/game/109878,17/12/2024,Mega Man Battle Network Legacy Collection,https://images.weserv.nl/?url=https://www.nintendo.com/eu/media/images/11_square_images/games_18/nintendo_switch_5/1x1_NSwitch_MegaManBattleNetworkLegacyCollection_image500w.jpg&w=240,https://www.nintendo.com/games/detail/mega-man-battle-network-legacy-collection-switch/,Switch,0,,120,50%,0,,4411,42.74,https://www.nintendo.com/eu/media/images/11_square_images/games_18/nintendo_switch_5/1x1_NSwitch_MegaManBattleNetworkLegacyCollection_image500w.jpg,136341,534.5,129.5,https://www.metacritic.com/game/mega-man-battle-network-legacy-collection/critic-reviews/?platform=nintendo-switch,,Mega Man Battle Network Legacy Collection,ROM Bundle,CAPCOM,30/06/2022,mega-man-battle-network-legacy-collection-switch,https://shope.ee/5ALD8alAHo,134.5,29995,59.99,604,0,29.99,1114
15.95,76,8/01/2025,/game/114815,18/12/2024,,https://images.weserv.nl/?url=https://www.nintendo.com/eu/media/images/11_square_images/games_18/nintendo_switch_download_software/1x1_NSwitchDS_Spirittea_image500w.jpg&w=240,https://www.nintendo.com/games/detail/spirittea-switch/,Switch,29,,25.9,30%,62,"Role-playing,Puzzle,Adventure",,21,https://www.nintendo.com/eu/media/images/11_square_images/games_18/nintendo_switch_download_software/1x1_NSwitchDS_Spirittea_image500w.jpg,21700,252,26.59,https://www.metacritic.com/game/spirittea/critic-reviews/?platform=nintendo-switch,,Spirittea,,No More Robots,25/10/2023,spirittea-switch,https://shope.ee/5ALD8alAHo,56,5390,19.99,130.19,46,13.99,267
2.69,76,8/01/2025,/game/60334,18/12/2024,"Pursued by relentless enemies, you must harness the power of night and day as you struggle to survive. Key Features: Marooned upon an alien world... You have awoken on a strange alien world. Injured, alone and stranded you venture across this foreign lan…",https://images.weserv.nl/?url=https://www.nintendo.com/eu/media/images/11_square_images/games_18/nintendo_switch_download_software/SQ_NSwitchDS_PlanetAlpha_image500w.jpg&w=240,https://www.nintendo.com/games/detail/planet-alpha-switch/,Switch,5,,7,80%,6,"Platformer,Action,Puzzle,Adventure",,3.19,https://www.nintendo.com/eu/media/images/11_square_images/games_18/nintendo_switch_download_software/SQ_NSwitchDS_PlanetAlpha_image500w.jpg,,35.8,10.58,https://www.metacritic.com/game/planet-alpha/critic-reviews/?platform=nintendo-switch,,PLANET ALPHA,,Team17,12/11/2021,planet-alpha-switch,https://shope.ee/5ALD8alAHo,9,1600,9.99,35,6,1.99,565
19.49,75,7/01/2025,/game/109849,17/12/2024,RAILGRADE,https://images.weserv.nl/?url=https://www.nintendo.com/eu/media/images/11_square_images/games_18/nintendo_switch_download_software/1x1_NSwitchDS_Railgrade_image500w.jpg&w=240,https://www.nintendo.com/games/detail/railgrade-switch/,Switch,21,,31.96,50%,98,"Simulation,Strategy",1050,21.97,https://www.nintendo.com/eu/media/images/11_square_images/games_18/nintendo_switch_download_software/1x1_NSwitchDS_Railgrade_image500w.jpg,34475,135,44.49,https://www.metacritic.com/game/railgrade/critic-reviews/?platform=nintendo-switch,,RAILGRADE,,Minakata Dynamics,24/06/2022,railgrade-switch,https://shope.ee/5ALD8alAHo,69.49,7275,29.99,209.5,70,14.99,50
6.54,74,7/01/2025,/game/66968,17/12/2024,”Tactical Leaping Adventure - Jump King: There is a Smoking Hot Babe at the Top!” is a platforming challenge about struggling upwards in search of the legendary Smoking Hot Babe! This lonely adventure to reach The Top will demand your full mastery of the…,https://images.weserv.nl/?url=https://www.nintendo.com/eu/media/images/11_square_images/games_18/nintendo_switch_download_software/SQ_NSwitchDS_JumpKing_image500w.jpg&w=240,https://www.nintendo.com/games/detail/jump-king-switch/,Switch,10,,,60%,87,Platformer,,7.8,https://www.nintendo.com/eu/media/images/11_square_images/games_18/nintendo_switch_download_software/SQ_NSwitchDS_JumpKing_image500w.jpg,,84.4,,https://www.metacritic.com/game/jump-king/critic-reviews/?platform=nintendo-switch,,Jump King,,Ukiyo Publishing,12/11/2021,jump-king-switch,https://shope.ee/5ALD8alAHo,20.8,,12.99,100.8,40,5.19,17
9.11,74,8/01/2025,/game/95925,18/12/2024,"It's time to build a zoo! Let out your wild side, and create your own animal empire with this cute, expansive management sim. Import and breed rare creatures, hire the right staff, keep your visitors happy, and deal with plenty of weird and wonderful eve…",https://images.weserv.nl/?url=https://www.nintendo.com/eu/media/images/11_square_images/games_18/nintendo_switch_5/1x1_NSwitch_LetsBuildAZoo_image500w.jpg&w=240,https://www.nintendo.com/games/detail/lets-build-a-zoo-switch/,Switch,41,,14.8,60%,80,"Simulation,Adventure,Role-playing",,25.2,https://www.nintendo.com/eu/media/images/11_square_images/games_18/nintendo_switch_5/1x1_NSwitch_LetsBuildAZoo_image500w.jpg,12400,302,15.19,https://www.metacritic.com/game/lets-build-a-zoo/critic-reviews/?platform=nintendo-switch,,Let's Build a Zoo,,No More Robots,16/09/2022,lets-build-a-zoo-switch,https://shope.ee/5ALD8alAHo,71.99,3080,19.99,74.39,45,7.99,391
4.55,74,8/01/2025,/game/70012,18/12/2024,"Master the Monster Sanctuary! Delve deep into the Metroidvania inspired world of Monster Sanctuary, explore the expansive lands and call upon your monsters to lend their aid in and out of combat! Use their unique skills to fly, ride and brute force your …",https://images.weserv.nl/?url=https://www.nintendo.com/eu/media/images/11_square_images/games_18/nintendo_switch_download_software/SQ_NSwitchDS_MonsterSanctuary_image500w.jpg&w=240,https://www.nintendo.com/games/detail/monster-sanctuary-switch/,Switch,30,,14.39,80%,47,"Role-playing,Adventure,Platformer",,5.79,https://www.nintendo.com/eu/media/images/11_square_images/games_18/nintendo_switch_download_software/SQ_NSwitchDS_MonsterSanctuary_image500w.jpg,,71.8,20.98,https://www.metacritic.com/game/monster-sanctuary/critic-reviews/?platform=nintendo-switch,,Monster Sanctuary,,Team17,12/11/2021,monster-sanctuary-switch,https://shope.ee/5ALD8alAHo,14.39,2980,19.99,49.99,36,3.99,241
3.29,74,8/01/2025,/game/88140,18/12/2024,"Narita Boy becomes a tremendous hit! Copies of cartridges are flying off physical shelves worldwide. Within weeks Narita Boy is the best-selling video game of all time, critically acclaimed for its power-fantasy wielding the Techno-sword and taking playe…",https://images.weserv.nl/?url=https://www.nintendo.com/eu/media/images/11_square_images/games_18/nintendo_switch_download_software/SQ_NSwitchDS_NaritaBoy_image500w.jpg&w=240,https://www.nintendo.com/games/detail/narita-boy-switch/,Switch,7,,9.74,90%,9,"Arcade,Strategy,Role-playing,Platformer",,3.75,https://www.nintendo.com/eu/media/images/11_square_images/games_18/nintendo_switch_download_software/SQ_NSwitchDS_NaritaBoy_image500w.jpg,,44.9,13.39,https://www.metacritic.com/game/narita-boy/critic-reviews/?platform=nintendo-switch,,Narita Boy,,Team17,12/11/2021,narita-boy-switch,https://shope.ee/5ALD8alAHo,10,1990,24.99,55.47,8,2.49,38
7.55,73,7/01/2025,/game/74681,17/12/2024,"Lead two captured princesses to solve puzzles and escape the Demon King's castle. Your actions alone as a hero will decide their fates, and your own! A ghostly sliver of your former self, can you rescue the princesses? A new escape game experience, with …",https://images.weserv.nl/?url=https://www.nintendo.com/eu/media/images/11_square_images/games_18/nintendo_switch_download_software/SQ_NSwitchDS_PrisonPrincess_image500w.jpg&w=240,https://www.nintendo.com/games/detail/prison-princess-switch/,Switch,4,,,70%,6,"Adventure,Puzzle",,,https://www.nintendo.com/eu/media/images/11_square_images/games_18/nintendo_switch_download_software/SQ_NSwitchDS_PrisonPrincess_image500w.jpg,,71.1,,https://www.metacritic.com/game/prison-princess/critic-reviews/?platform=nintendo-switch,,Prison Princess,,qureate,12/11/2021,prison-princess-switch,https://shope.ee/5ALD8alAHo,20.16,,19.99,116.34,5,5.99,28
2.69,73,8/01/2025,/game/94933,18/12/2024,"The system of Magnetia is in great peril as an evil villain tears through the galaxy. It’s all down to one robot explorer to save the day – Magbot! Armed with the power to control both positive (red) and negative (blue) magnetic polarities, Magbot must n…",https://images.weserv.nl/?url=https://www.nintendo.com/eu/media/images/11_square_images/games_18/nintendo_switch_download_software/SQ_NSwitchDS_SuperMagbot_image500w.jpg&w=240,https://www.nintendo.com/games/detail/super-magbot-switch/,Switch,5,,7,80%,36,"Platformer,Puzzle,Action,Adventure",,2.39,https://www.nintendo.com/eu/media/images/11_square_images/games_18/nintendo_switch_download_software/SQ_NSwitchDS_SuperMagbot_image500w.jpg,,26.85,9.99,https://www.metacritic.com/game/super-magbot/critic-reviews/?platform=nintendo-switch,,Super Magbot,,Team17,12/11/2021,super-magbot-switch,https://shope.ee/5ALD8alAHo,6.75,1600,9.99,35,16,1.99,30
4.59,72,8/01/2025,/game/107228,18/12/2024,"Shoot 'Em Up Spellcasting Sorcery! Encounter evil foes and choose whether you wield your magic or use your weapons and wits to take them down. With their flight capabilities, superior fighting strength and reality-bending magic, The Knight Witches absolu…",https://images.weserv.nl/?url=https://www.nintendo.com/eu/media/images/11_square_images/games_18/nintendo_switch_download_software/1x1_NSwitchDS_TheKnightWitch_image500w.jpg&w=240,https://www.nintendo.com/games/detail/the-knight-witch-switch/,Switch,11,,10,80%,13,"Action,Adventure",,5.99,https://www.nintendo.com/eu/media/images/11_square_images/games_18/nintendo_switch_download_software/1x1_NSwitchDS_TheKnightWitch_image500w.jpg,,71.8,13.8,https://www.metacritic.com/game/the-knight-witch/critic-reviews/?platform=nintendo-switch,,The Knight Witch,,Team17,31/10/2022,the-knight-witch-switch,https://shope.ee/5ALD8alAHo,17.8,2980,19.99,49.99,12,3.99,161
4.55,70,8/01/2025,/game/83340,18/12/2024,"Greak: Memories of Azur is a side scrolling single-player game with hand-drawn animations. You will take the role of three siblings: Greak, Adara and Raydel to guide them through the lands of Azur. Alternate control between them and use their unique abil…",https://images.weserv.nl/?url=https://www.nintendo.com/eu/media/images/11_square_images/games_18/nintendo_switch_5/SQ_NSwitch_GreakMemoriesOfAzur_image500w.jpg&w=240,https://www.nintendo.com/games/detail/greak-memories-of-azur-switch/,Switch,7,,7.4,80%,10,"Action,Puzzle,Platformer,Adventure",,5.79,https://www.nintendo.com/eu/media/images/11_square_images/games_18/nintendo_switch_5/SQ_NSwitch_GreakMemoriesOfAzur_image500w.jpg,,71.8,20.98,https://www.metacritic.com/game/greak-memories-of-azur/critic-reviews/?platform=nintendo-switch,,Greak: Memories of Azur,,Team17,12/11/2021,greak-memories-of-azur-switch,https://shope.ee/5ALD8alAHo,14.39,2980,19.99,49.99,8,3.99,142
2.83,68,8/01/2025,/game/81140,18/12/2024,"Lost, confused and alone. What will Kiara do when she suddenly finds herself with the power to control the age of flora and fauna? An ability that was bestowed onto her by a magical obelisk.   Traverse a puzzle-platforming world unlike any other, full of…",https://images.weserv.nl/?url=https://www.nintendo.com/eu/media/images/11_square_images/games_18/nintendo_switch_download_software/SQ_NSwitchDS_Ageless_image500w.jpg&w=240,https://www.nintendo.com/games/detail/ageless-switch/,Switch,10,,,85%,17,"Platformer,Puzzle,Adventure",,2.25,https://www.nintendo.com/eu/media/images/11_square_images/games_18/nintendo_switch_download_software/SQ_NSwitchDS_Ageless_image500w.jpg,,24.4,,https://www.metacritic.com/game/ageless/critic-reviews/?platform=nintendo-switch,,Ageless,,Team17,12/11/2021,ageless-switch,https://shope.ee/5ALD8alAHo,6,,14.99,43.62,11,2.24,56
2.83,68,8/01/2025,/game/69296,18/12/2024,"It’s time to engineer tomorrow’s kitchen, today. Plan. Position. Program: Design and build automated restaurants, then program them to run like well-oiled machines! Do you have a can-do attitude and the know-how to conquer the world of automated restaura…",https://images.weserv.nl/?url=https://www.nintendo.com/eu/media/images/11_square_images/games_18/nintendo_switch_download_software/SQ_NSwitchDS_Automachef_image500w.jpg&w=240,https://www.nintendo.com/games/detail/automachef-switch/,Switch,25,,,85%,55,"Puzzle,Simulation,Strategy",,2.25,https://www.nintendo.com/eu/media/images/11_square_images/games_18/nintendo_switch_download_software/SQ_NSwitchDS_Automachef_image500w.jpg,,24.4,,https://www.metacritic.com/game/automachef/critic-reviews/?platform=nintendo-switch,,Automachef,,Team17,0000-00-00,automachef-switch,https://shope.ee/5ALD8alAHo,6,,14.99,43.62,45,2.24,118
14.99,68,26/12/2024,/game/123438,18/12/2024,"Residual... a new breed of survival platformer from OrangePixel. In a forgotten galaxy full of strange planets, a lone explorer crash-lands on one with an ancient alien secret. Venture forth from the shipwreck across a harsh, unpredictable, procedurally …",https://images.weserv.nl/?url=https://www.nintendo.com/eu/media/images/11_square_images/games_18/nintendo_switch_download_software/SQ_NSwitchDS_Residual_image500w.jpg&w=240,https://www.nintendo.com/games/detail/residual-switch/,Switch,0,,,40%,0,"Platformer,Adventure,Puzzle,Other",,19.2,https://www.nintendo.com/eu/media/images/11_square_images/games_18/nintendo_switch_download_software/SQ_NSwitchDS_Residual_image500w.jpg,,216,61.79,https://www.metacritic.com/game/residual/critic-reviews/?platform=nintendo-switch,,Residual,,Orange Pixel,12/11/2021,residual-switch,https://shope.ee/5ALD8alAHo,48,,19.99,238.79,0,11.99,
13.99,68,6/01/2025,/game/23050,17/12/2024,"Gang Beasts is a silly multiplayer party game with surly gelatinous characters, brutal slapstick fight sequences, and absurd hazardous environments, set in the mean streets of Beef City.   Customise your character and fight local and online enemies in th…",https://images.weserv.nl/?url=https://www.nintendo.com/eu/media/images/11_square_images/games_18/nintendo_switch_download_software/SQ_NSwitchDS_GangBeasts_image500w.jpg&w=240,https://www.nintendo.com/games/detail/gang-beasts-switch/,Switch,2,,35.99,60%,6,"Fighting,Action,Party,Multiplayer",799.6,15.99,https://www.nintendo.com/eu/media/images/11_square_images/games_18/nintendo_switch_download_software/SQ_NSwitchDS_GangBeasts_image500w.jpg,29999,120,39.6,https://www.metacritic.com/game/gang-beasts/critic-reviews/?platform=nintendo-switch,,Gang Beasts,,Boneloaf,0000-00-00,gang-beasts-switch,https://shope.ee/5ALD8alAHo,39.6,5999,29.99,199.6,5,11.99,269
3.77,67,8/01/2025,,18/12/2024,The Escapists: Complete Edition brings you the whole original Escapists experience including all DLC packs as well as Fhurst Peak which is exclusive to Nintendo Switch™. The Escapists is an award winning prison break simulation that provides players the …,https://images.weserv.nl/?url=https://www.nintendo.com/eu/media/images/11_square_images/games_18/nintendo_switch_download_software/SQ_NSwitchDS_TheEscapistsCompleteEdition_image500w.jpg&w=240,https://www.nintendo.com/games/detail/the-escapists-complete-edition-switch/,Switch,,,,80%,,"Role-playing,Simulation,Puzzle",,3.99,https://www.nintendo.com/eu/media/images/11_square_images/games_18/nintendo_switch_download_software/SQ_NSwitchDS_TheEscapistsCompleteEdition_image500w.jpg,,39.4,15.29,https://www.metacritic.com/game/the-escapists-complete-edition/critic-reviews/?platform=nintendo-switch,,The Escapists: Complete Edition,,Team17,12/11/2021,the-escapists-complete-edition-switch,https://shope.ee/5ALD8alAHo,12,,14.99,58.16,,2.99,141
3.29,65,8/01/2025,/game/92389,18/12/2024,"Cannon shots echo on the seven seas as on the horizon the sun rises on a new dawn of pirates. Drop your moorings, unfold the sails and launch yourself into the heart of the storm shaping your empire. The murder of your father will not be forgiven. King o…",https://images.weserv.nl/?url=https://www.nintendo.com/eu/media/images/11_square_images/games_18/nintendo_switch_download_software/SQ_NSwitchDS_KingOfSeas_image500w.jpg&w=240,https://www.nintendo.com/games/detail/king-of-seas-switch/,Switch,18,,9.89,90%,0,"Adventure,Strategy",,3.75,https://www.nintendo.com/eu/media/images/11_square_images/games_18/nintendo_switch_download_software/SQ_NSwitchDS_KingOfSeas_image500w.jpg,,44.9,13.39,https://www.metacritic.com/game/king-of-seas/critic-reviews/?platform=nintendo-switch,,King of Seas,,Team17,12/11/2021,king-of-seas-switch,https://shope.ee/5ALD8alAHo,10,1990,24.99,51.23,24,2.49,149
27.29,65,8/01/2025,/game/107701,18/12/2024,Another Crab's Treasure,https://images.weserv.nl/?url=https://www.nintendo.com/eu/media/images/11_square_images/games_18/nintendo_switch_download_software/1x1_NSwitchDS_AnotherCrabsTreasure_image500w.jpg&w=240,https://www.nintendo.com/games/detail/another-crabs-treasure-switch/,Switch,14,,51.09,30%,22,"Action,Adventure,Platformer,Role-playing",8400,44.99,https://www.nintendo.com/eu/media/images/11_square_images/games_18/nintendo_switch_download_software/1x1_NSwitchDS_AnotherCrabsTreasure_image500w.jpg,52500,359,70,https://www.metacritic.com/game/another-crabs-treasure/critic-reviews/?platform=nintendo-switch,,Another Crab's Treasure,,Aggro Crab Games,0000-00-00,another-crabs-treasure-switch,https://shope.ee/5ALD8alAHo,89.99,12530,29.99,244.3,20,20.99,979
2.69,64,8/01/2025,,18/12/2024,"Mugsters is a physics-based, supercharged, action-packed puzzler with sandbox levels where you must outrun, out-manoeuvre and outsmart your enemies by experimenting with different vehicles, environmental traps and explosives. Mugsters is focused on the p…",https://images.weserv.nl/?url=https://www.nintendo.com/eu/media/images/11_square_images/games_18/nintendo_switch_download_software/SQ_NSwitchDS_Mugsters_image500w.jpg&w=240,https://www.nintendo.com/games/detail/mugsters-switch/,Switch,,,7,60%,,"Puzzle,Action,Adventure",,3.18,https://www.nintendo.com/eu/media/images/11_square_images/games_18/nintendo_switch_download_software/SQ_NSwitchDS_Mugsters_image500w.jpg,,35.6,10.76,https://www.metacritic.com/game/mugsters/critic-reviews/?platform=nintendo-switch,,Mugsters,,Team17,12/11/2021,mugsters-switch,https://shope.ee/5ALD8alAHo,8.8,1600,4.99,35,,1.99,4
2.99,63,8/01/2025,/game/53965,18/12/2024,"All-Star Fruit Racing propels players into vibrant worlds filled with incredible action: drift through looping bends, soar over monumental jumps and defy gravity itself around tubular tracks in an explosively colorful racer bursting with championships, m…",https://images.weserv.nl/?url=https://www.nintendo.com/eu/media/images/11_square_images/games_18/nintendo_switch_5/SQ_NSwitch_AllStarFruitRacing_image500w.jpg&w=240,https://www.nintendo.com/games/detail/all-star-fruit-racing-switch/,Switch,6,,14.39,90%,0,Racing,399.99,2.25,https://www.nintendo.com/eu/media/images/11_square_images/games_18/nintendo_switch_5/SQ_NSwitch_AllStarFruitRacing_image500w.jpg,14392,27,12,https://www.metacritic.com/game/all-star-fruit-racing/critic-reviews/?platform=nintendo-switch,,All-Star Fruit Racing,,3DClouds,12/11/2021,all-star-fruit-racing-switch,https://shope.ee/5ALD8alAHo,6,2878,19.99,77.56,20,1.99,12
5.74,62,8/01/2025,/game/93038,18/12/2024,"Step off the train into the town of Hokko and get settled into your new home! This quiet village needs your help to turn it into the charming rural town everyone loves. With hammer and paints in hand it's up to you to design, build and decorate homes for…",https://images.weserv.nl/?url=https://www.nintendo.com/eu/media/images/11_square_images/games_18/nintendo_switch_5/1x1_NSwitch_HokkoLife_image500w.jpg&w=240,https://www.nintendo.com/games/detail/hokko-life-switch/,Switch,7,,12.5,75%,29,"Adventure,Simulation,Role-playing",,7.48,https://www.nintendo.com/eu/media/images/11_square_images/games_18/nintendo_switch_5/1x1_NSwitch_HokkoLife_image500w.jpg,,89.75,26.22,https://www.metacritic.com/game/hokko-life/critic-reviews/?platform=nintendo-switch,,Hokko Life,,Team17,19/08/2022,hokko-life-switch,https://shope.ee/5ALD8alAHo,22.25,3725,19.99,62.49,25,4.99,138
3.77,62,8/01/2025,/game/56378,18/12/2024,"The city is in chaos! Crime and corruption is at an all-time high, with thugs wreaking havoc on every corner. It’s up to you to punch, kick and brawl your way through the deadly streets, to bring those punks to justice. Key Features: Bone Crunching Comba…",https://images.weserv.nl/?url=https://www.nintendo.com/eu/media/images/11_square_images/games_18/nintendo_switch_download_software/SQ_NSwitchDS_RagingJustice_image500w.jpg&w=240,https://www.nintendo.com/games/detail/raging-justice-switch/,Switch,1,,11.99,80%,0,"Fighting,Action,Arcade",,3.59,https://www.nintendo.com/eu/media/images/11_square_images/games_18/nintendo_switch_download_software/SQ_NSwitchDS_RagingJustice_image500w.jpg,,53.8,15.98,https://www.metacritic.com/game/raging-justice/critic-reviews/?platform=nintendo-switch,,Raging Justice,,Team17,12/11/2021,raging-justice-switch,https://shope.ee/5ALD8alAHo,10.4,2380,14.99,58.16,0,2.99,7
5.99,61,8/01/2025,/game/52922,18/12/2024,"Welcome to Staxel, a quaint island full of charming characters, with bugs and fish to catch, fossils to excavate and quests to complete! Settle into your new home on the farm, fix it up, fill it with crops and animals, then change it up across the season…",https://images.weserv.nl/?url=https://www.nintendo.com/eu/media/images/11_square_images/games_18/nintendo_switch_download_software/SQ_NSwitchDS_Staxel_image500w.jpg&w=240,https://www.nintendo.com/games/detail/staxel-switch/,Switch,33,,,80%,91,"Simulation,Role-playing",,5.99,https://www.nintendo.com/eu/media/images/11_square_images/games_18/nintendo_switch_download_software/SQ_NSwitchDS_Staxel_image500w.jpg,,59.8,25,https://www.metacritic.com/game/staxel/critic-reviews/?platform=nintendo-switch,,Staxel,,Plukit,12/11/2021,staxel-switch,https://shope.ee/5ALD8alAHo,15.8,,24.99,99.8,66,4.99,28
3.77,61,8/01/2025,/game/29224,18/12/2024,"On Nintendo Switch™, Sheltered includes the base game plus the Surrounded and Stasis additional content. After a global apocalypse, you take on the role of protecting four family members living in a deserted underground shelter. Their well-being and surv…",https://images.weserv.nl/?url=https://www.nintendo.com/eu/media/images/11_square_images/games_18/nintendo_switch_download_software/SQ_NSwitchDS_Sheltered_image500w.jpg&w=240,https://www.nintendo.com/games/detail/sheltered-switch/,Switch,21,,11.69,80%,33,"Strategy,Role-playing",,4.5,https://www.nintendo.com/eu/media/images/11_square_images/games_18/nintendo_switch_download_software/SQ_NSwitchDS_Sheltered_image500w.jpg,,53.8,15.98,https://www.metacritic.com/game/sheltered/critic-reviews/?platform=nintendo-switch,,Sheltered,,Team17,0000-00-00,sheltered-switch,https://shope.ee/5ALD8alAHo,12,2380,14.99,58.16,30,2.99,63
11.98,60,31/12/2024,/game/59633,17/12/2024,"Complete the exciting Mega Man X saga with this collection of four action-packed titles! Spanning two gaming eras, this collection showcases the evolution of the series with Mega Man X5, Mega Man X6, Mega Man X7, and Mega Man X8. Both Mega Man X and his …",https://images.weserv.nl/?url=https://www.nintendo.com/eu/media/images/11_square_images/games_18/nintendo_switch_download_software/SQ_NSwitchDS_MegaManXLegacyCollection2_image500w.jpg&w=240,https://www.nintendo.com/games/detail/mega-man-x-legacy-collection-2-switch/,Switch,15,,31.97,60%,49,Action,2351.03,11.98,https://www.nintendo.com/eu/media/images/11_square_images/games_18/nintendo_switch_download_software/SQ_NSwitchDS_MegaManXLegacyCollection2_image500w.jpg,30730,127.6,32.97,https://www.metacritic.com/game/mega-man-x-legacy-collection-2/critic-reviews/?platform=nintendo-switch,,Mega Man X Legacy Collection 2,,CAPCOM,12/11/2021,mega-man-x-legacy-collection-2-switch,https://shope.ee/5ALD8alAHo,33.6,6146,19.99,199.45,25,7.99,95
4.55,55,8/01/2025,/game/116749,18/12/2024,"It's been a year since The Calamity™ tore apart the very foundations of soccer as we know it, and since then, Soccer Inc. has made dang well sure that not a soul has been allowed to even look at a soccer ball, let alone kick it. Soccer may have been bann…",https://images.weserv.nl/?url=https://www.nintendo.com/eu/media/images/11_square_images/games_18/nintendo_switch_download_software/1x1_NSwitchDS_SoccerStory_image500w.jpg&w=240,https://www.nintendo.com/games/detail/soccer-story-switch/,Switch,10,,7.4,80%,14,"Role-playing,Action,Puzzle,Sports",,6,https://www.nintendo.com/eu/media/images/11_square_images/games_18/nintendo_switch_download_software/1x1_NSwitchDS_SoccerStory_image500w.jpg,,72,,https://www.metacritic.com/game/soccer-story/critic-reviews/?platform=nintendo-switch,,Soccer Story,,No More Robots,2/11/2022,soccer-story-switch,https://shope.ee/5ALD8alAHo,16,,19.99,37.19,12,3.99,10
27.49,,31/12/2024,/game/124261,17/12/2024,Mega Man Battle Network Legacy Collection Vol. 1,https://images.weserv.nl/?url=https://www.nintendo.com/eu/media/images/11_square_images/games_18/nintendo_switch_5/1x1_NSwitch_MegaManBattleNetworkLegacyCollectionVol1_image500w.jpg&w=240,https://www.nintendo.com/games/detail/mega-man-battle-network-legacy-collection-vol-1-switch/,Switch,39,,80,50%,113,"Action,Role-playing",2940.5,56.99,https://www.nintendo.com/eu/media/images/11_square_images/games_18/nintendo_switch_5/1x1_NSwitch_MegaManBattleNetworkLegacyCollectionVol1_image500w.jpg,90886,719,92.5,,,Mega Man Battle Network Legacy Collection Vol. 1,,CAPCOM,24/06/2022,mega-man-battle-network-legacy-collection-vol-1-switch,https://shope.ee/5ALD8alAHo,179,19995,39.99,402.5,71,19.99,137
27.49,,31/12/2024,/game/124262,17/12/2024,Mega Man Battle Network Legacy Collection Vol. 2,https://images.weserv.nl/?url=https://www.nintendo.com/eu/media/images/11_square_images/games_18/nintendo_switch_5/1x1_NSwitch_MegaManBattleNetworkLegacyCollectionVol2_image500w.jpg&w=240,https://www.nintendo.com/games/detail/mega-man-battle-network-legacy-collection-vol-2-switch/,Switch,0,,80,50%,0,"Action,Role-playing",2940.5,56.99,https://www.nintendo.com/eu/media/images/11_square_images/games_18/nintendo_switch_5/1x1_NSwitch_MegaManBattleNetworkLegacyCollectionVol2_image500w.jpg,90886,719,92.5,,,Mega Man Battle Network Legacy Collection Vol. 2,,CAPCOM,24/06/2022,mega-man-battle-network-legacy-collection-vol-2-switch,https://shope.ee/5ALD8alAHo,179,19995,39.99,402.5,67,19.99,77
23.19,,8/01/2025,,18/12/2024,,https://images.weserv.nl/?url=https://www.nintendo.com/eu/media/images/11_square_images/games_18/nintendo_switch_download_software/1x1_NSwitchDS_MovingOutAndMovingOut2Bundle_image500w.jpg&w=240,https://www.nintendo.com/games/detail/moving-out-and-moving-out-2-bundle-switch/,Switch,,,43.99,60%,,,,27.58,https://www.nintendo.com/eu/media/images/11_square_images/games_18/nintendo_switch_download_software/1x1_NSwitchDS_MovingOutAndMovingOut2Bundle_image500w.jpg,,323.6,95.96,,,Moving Out & Moving Out 2 Bundle,,Team17,15/08/2023,moving-out-and-moving-out-2-bundle-switch,https://shope.ee/5ALD8alAHo,83.39,142800,44.99,209.99,,17.99,689
5.35,,8/01/2025,,18/12/2024,"Working as a team, you and your fellow chefs must prepare, cook and serve up a variety of tasty orders before the baying customers storm out in a huff. Sharpen your knives and dust off your chef’s whites, there isn’t mushroom for error and the steaks are…",https://images.weserv.nl/?url=https://www.nintendo.com/eu/media/images/11_square_images/games_18/nintendo_switch_download_software/SQ_NSwitchDS_OvercookedSpecialEdition_image500w.jpg&w=240,https://www.nintendo.com/games/detail/overcooked-special-edition-switch/,Switch,,,14.39,80%,,"Strategy,Party,Simulation",,5.2,https://www.nintendo.com/eu/media/images/11_square_images/games_18/nintendo_switch_download_software/SQ_NSwitchDS_OvercookedSpecialEdition_image500w.jpg,,52,9.99,,,Overcooked Special Edition,,Team17,12/11/2021,overcooked-special-edition-switch,https://shope.ee/5ALD8alAHo,16,3062,19.99,81.96,,3.99,3168
4.49,,8/01/2025,/game/88773,18/12/2024,Batora: Lost Haven,https://images.weserv.nl/?url=https://www.nintendo.com/eu/media/images/11_square_images/games_18/nintendo_switch_download_software/1x1_NSwitchDS_BatoraLostHaven_image500w.jpg&w=240,https://www.nintendo.com/games/detail/batora-lost-haven-switch/,Switch,7,,9.37,85%,11,"Action,Role-playing",,5.31,https://www.nintendo.com/eu/media/images/11_square_images/games_18/nintendo_switch_download_software/1x1_NSwitchDS_BatoraLostHaven_image500w.jpg,,67.35,20.24,,,Batora: Lost Haven,,Team17,9/05/2022,batora-lost-haven-switch,https://shope.ee/5ALD8alAHo,16.49,2999,24.99,44.85,9,3.74,22
6.49,,8/01/2025,,18/12/2024,"Grow, gather and manage resources to help your settlements thrive, and share goods between the hexagonal lands and planets around you. Relax and expand the fabric of your growing societies and create a solar system of happy planets at your own pace. Not …",https://images.weserv.nl/?url=https://www.nintendo.com/eu/media/images/11_square_images/games_18/nintendo_switch_download_software/1x1_NSwitchDS_BeforeWeLeave_image500w.jpg&w=240,https://www.nintendo.com/games/detail/before-we-leave-switch/,Switch,,,9.25,75%,,"Strategy,Simulation",,6.99,https://www.nintendo.com/eu/media/images/11_square_images/games_18/nintendo_switch_download_software/1x1_NSwitchDS_BeforeWeLeave_image500w.jpg,,74.75,24.99,,,Before We Leave,,Team17,19/07/2022,before-we-leave-switch,https://shope.ee/5ALD8alAHo,19.24,3874,19.99,99.75,,4.99,6
3.44,,8/01/2025,/game/115017,18/12/2024,"Choose from four classic fantasy classes, engage in a deep robust combat system, and play a variety of co-operative and competitive game modes with friends via local, online or both. Get rich, or die trying! Deep Robust Combat System Whether you're playi…",https://images.weserv.nl/?url=https://www.nintendo.com/eu/media/images/11_square_images/games_18/nintendo_switch_download_software/1x1_NSwitchDS_BraveryAndGreed_image500w.jpg&w=240,https://www.nintendo.com/games/detail/bravery-and-greed-switch/,Switch,6,,11.99,85%,28,"Action,Adventure,Platformer,Multiplayer",,4.49,https://www.nintendo.com/eu/media/images/11_square_images/games_18/nintendo_switch_download_software/1x1_NSwitchDS_BraveryAndGreed_image500w.jpg,,53.85,15.73,,,Bravery and Greed,,Team17,11/11/2022,bravery-and-greed-switch,https://shope.ee/5ALD8alAHo,13.35,2235,19.99,37.49,24,2.99,5
3.14,,8/01/2025,/game/94732,18/12/2024,"In Epic Chef you take on the role of  Zest, who must embark on a culinary journey to farm, craft and cook his way into legend. Create Delicious Dishes! Dynamic recipe creation means that you can experiment with thousands of different ingredient combinati…",https://images.weserv.nl/?url=https://www.nintendo.com/eu/media/images/11_square_images/games_18/nintendo_switch_download_software/SQ_NSwitchDS_EpicChef_image500w.jpg&w=240,https://www.nintendo.com/games/detail/epic-chef-switch/,Switch,32,,9.6,90%,54,"Adventure,Simulation",,3.75,https://www.nintendo.com/eu/media/images/11_square_images/games_18/nintendo_switch_download_software/SQ_NSwitchDS_EpicChef_image500w.jpg,,49.9,13.39,,,Epic Chef,,Team17,12/11/2021,epic-chef-switch,https://shope.ee/5ALD8alAHo,10,1990,24.99,50,53,2.49,29
9.97,,7/01/2025,,18/12/2024,"Slime Rancher is the tale of Beatrix LeBeau, a plucky, young rancher who sets out for a life a thousand light years away from Earth on the ‘Far, Far Range’ where she tries her hand at making a living wrangling slimes. Includes the Secret Style Pack DLC! …",https://images.weserv.nl/?url=https://www.nintendo.com/eu/media/images/11_square_images/games_18/nintendo_switch_download_software/SQ_NSwitchDS_SlimeRancherPortableEdition_image500w.jpg&w=240,https://www.nintendo.com/games/detail/slime-rancher-plortable-edition-switch/,Switch,,,,70%,,"Adventure,First-person,Simulation",,10.78,https://www.nintendo.com/eu/media/images/11_square_images/games_18/nintendo_switch_download_software/SQ_NSwitchDS_SlimeRancherPortableEdition_image500w.jpg,,113.4,38.23,,,Slime Rancher: Plortable Edition,,Monomi Park,12/11/2021,slime-rancher-plortable-edition-switch,https://shope.ee/5ALD8alAHo,25.2,,24.99,153.69,,7.49,55
2.69,,8/01/2025,/game/97377,18/12/2024,"Playing as a mysterious alchemist known only as The Warden, you will craft, brew, boil & concoct potions all in your stead to protect the realm from the dreadful Serpent Rogue!                                                                              …",https://images.weserv.nl/?url=https://www.nintendo.com/eu/media/images/11_square_images/games_18/nintendo_switch_download_software/1x1_NSwitchDS_TheSerpentRogue_image500w.jpg&w=240,https://www.nintendo.com/games/detail/the-serpent-rogue-switch/,Switch,3,,7,90%,0,Adventure,,2.79,https://www.nintendo.com/eu/media/images/11_square_images/games_18/nintendo_switch_download_software/1x1_NSwitchDS_TheSerpentRogue_image500w.jpg,,35.9,10.49,,,The Serpent Rogue,,Team17,25/03/2022,the-serpent-rogue-switch,https://shope.ee/5ALD8alAHo,7.69,1600,19.99,39.9,14,1.99,7
7.48,,8/01/2025,/game/39481,18/12/2024,"The Worms are back in their most destructive game yet. With a gorgeous, hand-drawn 2D look, a full arsenal of  weapons, crafting, vehicles and buildings, Worms W.M.D is the best Worms experience ever! In Worms W.M.D for Nintendo Switch™, players will be …",https://images.weserv.nl/?url=https://www.nintendo.com/eu/media/images/11_square_images/games_18/nintendo_switch_download_software/SQ_NSwitchDS_WormsWMD_image500w.jpg&w=240,https://www.nintendo.com/games/detail/worms-w-m-d-switch/,Switch,14,,14.79,80%,47,Strategy,,9,https://www.nintendo.com/eu/media/images/11_square_images/games_18/nintendo_switch_download_software/SQ_NSwitchDS_WormsWMD_image500w.jpg,,107.8,31.98,,,Worms W.M.D,,Team17,12/11/2021,worms-w-m-d-switch,https://shope.ee/5ALD8alAHo,24,4780,29.99,108.46,25,5.99,186
16.19,,8/01/2025,,18/12/2024,,"https://assets.nintendo.com/image/upload/c_pad,f_auto,q_auto,w_300/ncom/software/switch/70070000016694/791277c0da3ae067bb48673a57844282972e56ebed9a72109fdf6a4c279cb8c8",https://www.nintendo.com/games/detail/dredge-digital-deluxe-edition-switch/,Switch,,,28.31,50%,,"Action,Adventure,Role-playing,Simulation",,,https://image.api.playstation.com/vulcan/ap/rnd/202302/0313/a561d84ee640f6afbe1b26ed2d1cc0d6857ab0af5d55bced.png,,,72.3,,,DREDGE - Digital Deluxe Edition,ROM Bundle,Team17,2/03/2023,dredge-digital-deluxe-edition-switch,https://shope.ee/5ALD8alAHo,,10746,26.99,161.99,,13.49,561
11.55,,8/01/2025,,18/12/2024,,"https://assets.nintendo.com/image/upload/c_pad,f_auto,q_auto,w_300/ncom/software/switch/70070000019613/a9da42811b0c411381c5a6f1922c9710c1b8a89aa215ea1fa1d4b47dafc40da1",https://www.nintendo.com/games/detail/golf-with-your-friends-starter-edition-switch/,Switch,,,32.67,67%,,"Sports,Multiplayer,Simulation,Party",,,https://assets.nintendo.com/image/upload/ncom/software/switch/70070000016694/791277c0da3ae067bb48673a57844282972e56ebed9a72109fdf6a4c279cb8c9,,,47.85,,,Golf With Your Friends - Starter Edition,ROM Bundle,Team17,11/12/2023,golf-with-your-friends-starter-edition-switch,https://shope.ee/5ALD8alAHo,,7589,26.99,148.17,,8.9,6
4.99,,1/01/2025,/game/20079,18/12/2024,"Welcome to Chasm, an action-adventure game in which you play a new recruit undertaking your first mission for the Guildean Kingdom. Thrilled to prove your worth as a knight, you track strange rumors that a mine vital to the Kingdom has been shut down. Bu…",https://images.weserv.nl/?url=https://www.nintendo.com/eu/media/images/11_square_images/games_18/nintendo_switch_download_software/SQ_NSwitchDS_Chasm_image500w.jpg&w=240,https://www.nintendo.com/games/detail/chasm-switch/,Switch,9,,,80%,13,"Action,Adventure,Platformer,Role-playing",,27,https://assets.nintendo.com/image/upload/ncom/software/switch/70070000016694/791277c0da3ae067bb48673a57844282972e56ebed9a72109fdf6a4c279cb8c10,,280,,,,Chasm,,Bit Kid,12/11/2021,chasm-switch,https://shope.ee/5ALD8alAHo,70,,19.99,77.99,11,3.99,108
11.89,,8/01/2025,/game/88778,18/12/2024,,https://images.weserv.nl/?url=https://www.nintendo.com/eu/media/images/11_square_images/games_18/nintendo_switch_5/1x1_NSwitch_KillerFrequency_image500w.jpg&w=240,https://www.nintendo.com/games/detail/killer-frequency-switch/,Switch,5,,30.59,66%,11,"Adventure,Simulation",,12.75,https://assets.nintendo.com/image/upload/ncom/software/switch/70070000016694/791277c0da3ae067bb48673a57844282972e56ebed9a72109fdf6a4c279cb8c11,,153,44.19,,,Killer Frequency,,Team17,13/04/2023,killer-frequency-switch,https://shope.ee/5ALD8alAHo,37.06,6766,24.99,154.7,6,8.49,
34.79,,8/01/2025,,18/12/2024,,https://images.weserv.nl/?url=https://www.nintendo.com/eu/media/images/11_square_images/games_18/nintendo_switch_download_software/1x1_NSwitchDS_BlasphemousBlasphemous2Bundle_image500w.jpg&w=240,https://www.nintendo.com/games/detail/blasphemous-plus-blasphemous-2-bundle-switch/,Switch,,,65.99,40%,,,,41.37,https://assets.nintendo.com/image/upload/ncom/software/switch/70070000016694/791277c0da3ae067bb48673a57844282972e56ebed9a72109fdf6a4c279cb8c12,,485.4,143.94,,,Blasphemous + Blasphemous 2 Bundle,,Team17,27/10/2023,blasphemous-plus-blasphemous-2-bundle-switch,https://shope.ee/5ALD8alAHo,125.09,21420,44.99,314.99,,26.99,339
